1,MANTECH
2,TIRE WORLD
3,AQUAMIST
4,AQUAMIST
5,FLOWERWATCH
6,COPY CAT
7,SOLEX
8,OCEAN AGRICULTURE
9,MANTECH
10,FLOWERWATCH
11,SLATER & WHITTAKER
12,SATAO
13,FLOWERWATCH
14,COPY CAT
15,MANTECH
16,AQUAMIST
17,FLOWERWATCH
18,SOLEX
19,FLOWERWATCH
20,SOLEX
21,MANTECH
22,GRIDLESS
23,SOLEX
24,COPY CAT
25,COPY CAT
26,GRIDLESS
27,OCEAN AGRICULTURE
28,TIRE WORLD
29,TIRE WORLD
30,SATAO
31,AQUAMIST
32,GRIDLESS
33,SOLEX
34,AQUAMIST
35,OCEAN AGRICULTURE
36,SLATER & WHITTAKER
37,SATAO
38,COPY CAT
39,OCEAN AGRICULTURE
40,SOLEX
41,MANTECH
42,SOLEX
43,AQUAMIST
44,TIRE WORLD
45,GRIDLESS
46,SATAO
47,OCEAN AGRICULTURE
48,GRIDLESS
49,SLATER & WHITTAKER
50,AQUAMIST
51,SOLEX
52,OCEAN AGRICULTURE
53,SLATER & WHITTAKER
54,SOLEX
55,TIRE WORLD
56,MANTECH
57,SLATER & WHITTAKER
58,OCEAN AGRICULTURE
59,GRIDLESS
60,COPY CAT
61,GRIDLESS
62,FLOWERWATCH
63,SATAO
64,FLOWERWATCH
65,SATAO
